name,iterations,real_time,cpu_time,time_unit,name,iterations,real_time,cpu_time,real_time_diff,cpu_time_idff,match
Client: RC4-MD5/100/0/1/4/iterations:100/repeats:1,100,5862.4,5871.55,ns,Client: RC4-MD5/100/0/1/4/iterations:100/repeats:1,100,5887.11,5889.91,-0.004214997,-0.003126943,Match
Client: RC4-MD5/10000/0/1/4/iterations:100/repeats:1,100,71247,71268.8,ns,Client: RC4-MD5/10000/0/1/4/iterations:100/repeats:1,100,77414.2,77407.7,-0.086560838,-0.086137272,Match
Client: RC4-MD5/1000000/0/1/4/iterations:100/repeats:1,100,1.32E+07,6.60E+06,ns,Client: RC4-MD5/1000000/0/1/4/iterations:100/repeats:1,100,1.48E+07,7.18E+06,-0.120507977,-0.087357433,Match
Client: RC4-SHA/100/1/1/4/iterations:100/repeats:1,100,32901.7,12359.8,ns,Client: RC4-SHA/100/1/1/4/iterations:100/repeats:1,100,33348.4,12481.9,-0.013576806,-0.009878801,Match
Client: RC4-SHA/10000/1/1/4/iterations:100/repeats:1,100,155488,70547.8,ns,Client: RC4-SHA/10000/1/1/4/iterations:100/repeats:1,100,166207,75672.5,-0.068937796,-0.072641528,Match
Client: RC4-SHA/1000000/1/1/4/iterations:100/repeats:1,100,1.19E+07,5.78E+06,ns,Client: RC4-SHA/1000000/1/1/4/iterations:100/repeats:1,100,1.29E+07,6.33E+06,-0.090363171,-0.094332278,Match
Client: DES-CBC3-SHA/100/2/1/4/iterations:100/repeats:1,100,52572.9,23190.8,ns,Client: DES-CBC3-SHA/100/2/1/4/iterations:100/repeats:1,100,54170.7,23399.8,-0.030392084,-0.009012194,Match
Client: DES-CBC3-SHA/10000/2/1/4/iterations:100/repeats:1,100,1.28E+06,643597,ns,Client: DES-CBC3-SHA/10000/2/1/4/iterations:100/repeats:1,100,1.38E+06,691526,-0.071506954,-0.074470515,Match
Client: DES-CBC3-SHA/1000000/2/1/4/iterations:100/repeats:1,100,1.24E+08,6.25E+07,ns,Client: DES-CBC3-SHA/1000000/2/1/4/iterations:100/repeats:1,100,1.33E+08,6.75E+07,-0.076012245,-0.080053262,Match
Client: DHE-RSA-DES-CBC3-SHA/100/3/1/4/iterations:100/repeats:1,100,51870.9,23103.4,ns,Client: DHE-RSA-DES-CBC3-SHA/100/3/1/4/iterations:100/repeats:1,100,54656.4,24177.1,-0.05370063,-0.046473679,Match
Client: DHE-RSA-DES-CBC3-SHA/10000/3/1/4/iterations:100/repeats:1,100,1.28E+06,641097,ns,Client: DHE-RSA-DES-CBC3-SHA/10000/3/1/4/iterations:100/repeats:1,100,1.37E+06,691134,-0.074700962,-0.078049032,Match
Client: DHE-RSA-DES-CBC3-SHA/1000000/3/1/4/iterations:100/repeats:1,100,1.24E+08,6.25E+07,ns,Client: DHE-RSA-DES-CBC3-SHA/1000000/3/1/4/iterations:100/repeats:1,100,1.33E+08,6.75E+07,-0.076371564,-0.080152873,Match
Client: AES128-SHA/100/4/1/4/iterations:100/repeats:1,100,36707.3,15282,ns,Client: AES128-SHA/100/4/1/4/iterations:100/repeats:1,100,38920.9,16947.2,FALSE,-0.108964795,Match
Client: AES128-SHA/10000/4/1/4/iterations:100/repeats:1,100,124019,62062.8,ns,Client: AES128-SHA/10000/4/1/4/iterations:100/repeats:1,100,120878,56340.3,0.025326764,0.092204992,Match
Client: AES128-SHA/1000000/4/1/4/iterations:100/repeats:1,100,8.29E+06,4.63E+06,ns,Client: AES128-SHA/1000000/4/1/4/iterations:100/repeats:1,100,7.63E+06,3.89E+06,0.079176015,0.160019365,Match
Client: DHE-RSA-AES128-SHA/100/5/1/4/iterations:100/repeats:1,100,36479.4,15601.8,ns,Client: DHE-RSA-AES128-SHA/100/5/1/4/iterations:100/repeats:1,100,38561.8,17185.4,-0.057084272,-0.101501109,Match
Client: DHE-RSA-AES128-SHA/10000/5/1/4/iterations:100/repeats:1,100,123397,62506.7,ns,Client: DHE-RSA-AES128-SHA/10000/5/1/4/iterations:100/repeats:1,100,121049,57105.8,0.019028015,0.086405137,Match
Client: DHE-RSA-AES128-SHA/1000000/5/1/4/iterations:100/repeats:1,100,8.25E+06,4.62E+06,ns,Client: DHE-RSA-AES128-SHA/1000000/5/1/4/iterations:100/repeats:1,100,7.63E+06,3.89E+06,0.074696697,0.158820411,Match
Client: AES256-SHA/100/6/1/4/iterations:100/repeats:1,100,37088.3,15405.3,ns,Client: AES256-SHA/100/6/1/4/iterations:100/repeats:1,100,38558.1,17151.8,-0.039629748,-0.113370074,Match
Client: AES256-SHA/10000/6/1/4/iterations:100/repeats:1,100,130087,67343.3,ns,Client: AES256-SHA/10000/6/1/4/iterations:100/repeats:1,100,123929,58182.4,0.047337551,0.136032835,Match
Client: AES256-SHA/1000000/6/1/4/iterations:100/repeats:1,100,8.97E+06,5.19E+06,ns,Client: AES256-SHA/1000000/6/1/4/iterations:100/repeats:1,100,7.97E+06,4.09E+06,0.111696838,0.212114083,Match
Client: DHE-RSA-AES256-SHA/100/7/1/4/iterations:100/repeats:1,100,36896.8,15539.4,ns,Client: DHE-RSA-AES256-SHA/100/7/1/4/iterations:100/repeats:1,100,38678.2,17200.4,-0.04828061,-0.106889584,Match
Client: DHE-RSA-AES256-SHA/10000/7/1/4/iterations:100/repeats:1,100,130323,67885.8,ns,Client: DHE-RSA-AES256-SHA/10000/7/1/4/iterations:100/repeats:1,100,123635,58689.9,0.051318647,0.135461319,Match
Client: DHE-RSA-AES256-SHA/1000000/7/1/4/iterations:100/repeats:1,100,8.94E+06,5.18E+06,ns,Client: DHE-RSA-AES256-SHA/1000000/7/1/4/iterations:100/repeats:1,100,7.97E+06,4.08E+06,0.109114733,0.211009086,Match
Client: AES128-SHA256/100/8/1/4/iterations:100/repeats:1,100,38661.8,16167.2,ns,Client: AES128-SHA256/100/8/1/4/iterations:100/repeats:1,100,40894,17798.6,-0.057736577,-0.100908011,Match
Client: AES128-SHA256/10000/8/1/4/iterations:100/repeats:1,100,184210,91975.8,ns,Client: AES128-SHA256/10000/8/1/4/iterations:100/repeats:1,100,168237,78942.2,0.086710819,0.14170684,Match
Client: AES128-SHA256/1000000/8/1/4/iterations:100/repeats:1,100,1.43E+07,7.61E+06,ns,Client: AES128-SHA256/1000000/8/1/4/iterations:100/repeats:1,100,1.23E+07,6.18E+06,0.134764502,0.187961848,Match
Client: AES256-SHA256/100/9/1/4/iterations:100/repeats:1,100,38458.7,16145.6,ns,Client: AES256-SHA256/100/9/1/4/iterations:100/repeats:1,100,40455.2,17675.8,-0.051912831,-0.094775047,Match
Client: AES256-SHA256/10000/9/1/4/iterations:100/repeats:1,100,190871,97571.4,ns,Client: AES256-SHA256/10000/9/1/4/iterations:100/repeats:1,100,168845,79063,0.11539731,0.189690832,Match
Client: AES256-SHA256/1000000/9/1/4/iterations:100/repeats:1,100,1.50E+07,8.17E+06,ns,Client: AES256-SHA256/1000000/9/1/4/iterations:100/repeats:1,100,1.25E+07,6.19E+06,0.163878662,0.242473886,Match
Client: DHE-RSA-AES128-SHA256/100/10/1/4/iterations:100/repeats:1,100,38020.2,16237,ns,Client: DHE-RSA-AES128-SHA256/100/10/1/4/iterations:100/repeats:1,100,40525.8,17908.6,-0.06590181,-0.102950052,Match
Client: DHE-RSA-AES128-SHA256/10000/10/1/4/iterations:100/repeats:1,100,183268,92281.2,ns,Client: DHE-RSA-AES128-SHA256/10000/10/1/4/iterations:100/repeats:1,100,167826,79515.1,0.084259118,0.13833912,Match
Client: DHE-RSA-AES128-SHA256/1000000/10/1/4/iterations:100/repeats:1,100,1.43E+07,7.60E+06,ns,Client: DHE-RSA-AES128-SHA256/1000000/10/1/4/iterations:100/repeats:1,100,1.23E+07,6.17E+06,0.133569549,0.187486096,Match
Client: DHE-RSA-AES256-SHA256/100/11/1/4/iterations:100/repeats:1,100,38168,16342.7,ns,Client: DHE-RSA-AES256-SHA256/100/11/1/4/iterations:100/repeats:1,100,40501.7,17832.2,-0.061142842,-0.091141611,Match
Client: DHE-RSA-AES256-SHA256/10000/11/1/4/iterations:100/repeats:1,100,189994,97772.7,ns,Client: DHE-RSA-AES256-SHA256/10000/11/1/4/iterations:100/repeats:1,100,168953,79538.2,0.110745602,0.18649889,Match
Client: DHE-RSA-AES256-SHA256/1000000/11/1/4/iterations:100/repeats:1,100,1.49E+07,8.15E+06,ns,Client: DHE-RSA-AES256-SHA256/1000000/11/1/4/iterations:100/repeats:1,100,1.25E+07,6.19E+06,0.160493329,0.240228738,Match
Client: AES128-GCM-SHA256/100/12/1/4/iterations:100/repeats:1,100,32214.1,12215.5,ns,Client: AES128-GCM-SHA256/100/12/1/4/iterations:100/repeats:1,100,32301.8,12405.6,-0.00272241,-0.015562196,Match
Client: AES128-GCM-SHA256/10000/12/1/4/iterations:100/repeats:1,100,66323,26292.1,ns,Client: AES128-GCM-SHA256/10000/12/1/4/iterations:100/repeats:1,100,66951.7,26683.3,-0.009479366,-0.014878994,Match
Client: AES128-GCM-SHA256/1000000/12/1/4/iterations:100/repeats:1,100,2.66E+06,1.23E+06,ns,Client: AES128-GCM-SHA256/1000000/12/1/4/iterations:100/repeats:1,100,2.74E+06,1.27E+06,-0.029674807,-0.030083747,Match
Client: AES256-GCM-SHA384/100/13/1/4/iterations:100/repeats:1,100,31822.2,12063.2,ns,Client: AES256-GCM-SHA384/100/13/1/4/iterations:100/repeats:1,100,32303.2,12443.8,-0.015115234,-0.031550501,Match
Client: AES256-GCM-SHA384/10000/13/1/4/iterations:100/repeats:1,100,68430.8,27569,ns,Client: AES256-GCM-SHA384/10000/13/1/4/iterations:100/repeats:1,100,68133.6,27571.9,0.004343074,-0.000105191,Match
Client: AES256-GCM-SHA384/1000000/13/1/4/iterations:100/repeats:1,100,2.94E+06,1.37E+06,ns,Client: AES256-GCM-SHA384/1000000/13/1/4/iterations:100/repeats:1,100,3.00E+06,1.40E+06,-0.022814646,-0.022625492,Match
Client: DHE-RSA-AES128-GCM-SHA256/100/14/1/4/iterations:100/repeats:1,100,31468.7,12252.4,ns,Client: DHE-RSA-AES128-GCM-SHA256/100/14/1/4/iterations:100/repeats:1,100,32126.7,12529.4,-0.020909666,-0.022607816,Match
Client: DHE-RSA-AES128-GCM-SHA256/10000/14/1/4/iterations:100/repeats:1,100,64471.2,25966.9,ns,Client: DHE-RSA-AES128-GCM-SHA256/10000/14/1/4/iterations:100/repeats:1,100,65053.7,26685.6,-0.009035042,-0.027677543,Match
Client: DHE-RSA-AES128-GCM-SHA256/1000000/14/1/4/iterations:100/repeats:1,100,2.66E+06,1.23E+06,ns,Client: DHE-RSA-AES128-GCM-SHA256/1000000/14/1/4/iterations:100/repeats:1,100,2.72E+06,1.27E+06,-0.022606143,-0.029181015,Match
Client: DHE-RSA-AES256-GCM-SHA384/100/15/1/4/iterations:100/repeats:1,100,31676.1,12373.1,ns,Client: DHE-RSA-AES256-GCM-SHA384/100/15/1/4/iterations:100/repeats:1,100,31932.7,12511.1,-0.008100745,-0.011153228,Match
Client: DHE-RSA-AES256-GCM-SHA384/10000/15/1/4/iterations:100/repeats:1,100,66512.3,27174.9,ns,Client: DHE-RSA-AES256-GCM-SHA384/10000/15/1/4/iterations:100/repeats:1,100,68720.1,28133.6,-0.03319386,-0.035278879,Match
Client: DHE-RSA-AES256-GCM-SHA384/1000000/15/1/4/iterations:100/repeats:1,100,2.94E+06,1.37E+06,ns,Client: DHE-RSA-AES256-GCM-SHA384/1000000/15/1/4/iterations:100/repeats:1,100,3.00E+06,1.40E+06,-0.020442884,-0.024825316,Match
Client: ECDHE-ECDSA-AES128-SHA/100/16/1/4/iterations:100/repeats:1,100,37281.7,15568.5,ns,Client: ECDHE-ECDSA-AES128-SHA/100/16/1/4/iterations:100/repeats:1,100,39244.1,17274.8,-0.052637085,-0.109599512,Match
Client: ECDHE-ECDSA-AES128-SHA/10000/16/1/4/iterations:100/repeats:1,100,124334,62710.5,ns,Client: ECDHE-ECDSA-AES128-SHA/10000/16/1/4/iterations:100/repeats:1,100,119914,56061.5,0.035549407,0.106026901,Match
Client: ECDHE-ECDSA-AES128-SHA/1000000/16/1/4/iterations:100/repeats:1,100,8.23E+06,4.62E+06,ns,Client: ECDHE-ECDSA-AES128-SHA/1000000/16/1/4/iterations:100/repeats:1,100,7.61E+06,3.88E+06,0.074744504,0.159996624,Match
Client: ECDHE-ECDSA-AES256-SHA/100/17/1/4/iterations:100/repeats:1,100,37168.1,15471.3,ns,Client: ECDHE-ECDSA-AES256-SHA/100/17/1/4/iterations:100/repeats:1,100,38904,17108,-0.046704028,-0.105789429,Match
Client: ECDHE-ECDSA-AES256-SHA/10000/17/1/4/iterations:100/repeats:1,100,131438,68260.8,ns,Client: ECDHE-ECDSA-AES256-SHA/10000/17/1/4/iterations:100/repeats:1,100,123433,58391.4,0.06090324,0.144583714,Match
Client: ECDHE-ECDSA-AES256-SHA/1000000/17/1/4/iterations:100/repeats:1,100,8.91E+06,5.17E+06,ns,Client: ECDHE-ECDSA-AES256-SHA/1000000/17/1/4/iterations:100/repeats:1,100,7.95E+06,4.09E+06,0.107817846,0.209418248,Match
Client: ECDHE-RSA-RC4-SHA/100/18/1/4/iterations:100/repeats:1,100,33016.6,12326.7,ns,Client: ECDHE-RSA-RC4-SHA/100/18/1/4/iterations:100/repeats:1,100,33240.4,12236.1,-0.006778408,0.007349899,Match
Client: ECDHE-RSA-RC4-SHA/10000/18/1/4/iterations:100/repeats:1,100,157460,71321.7,ns,Client: ECDHE-RSA-RC4-SHA/10000/18/1/4/iterations:100/repeats:1,100,166601,75704.8,-0.058052839,-0.061455349,Match
Client: ECDHE-RSA-RC4-SHA/1000000/18/1/4/iterations:100/repeats:1,100,1.19E+07,5.77E+06,ns,Client: ECDHE-RSA-RC4-SHA/1000000/18/1/4/iterations:100/repeats:1,100,1.29E+07,6.33E+06,-0.089638546,-0.096633935,Match
Client: ECDHE-RSA-DES-CBC3-SHA/100/19/1/4/iterations:100/repeats:1,100,52698.1,22912.8,ns,Client: ECDHE-RSA-DES-CBC3-SHA/100/19/1/4/iterations:100/repeats:1,100,53993.6,23978.9,-0.024583429,-0.046528578,Match
Client: ECDHE-RSA-DES-CBC3-SHA/10000/19/1/4/iterations:100/repeats:1,100,1.28E+06,642311,ns,Client: ECDHE-RSA-DES-CBC3-SHA/10000/19/1/4/iterations:100/repeats:1,100,1.38E+06,690955,-0.072004303,-0.075732784,Match
Client: ECDHE-RSA-DES-CBC3-SHA/1000000/19/1/4/iterations:100/repeats:1,100,1.24E+08,6.25E+07,ns,Client: ECDHE-RSA-DES-CBC3-SHA/1000000/19/1/4/iterations:100/repeats:1,100,1.33E+08,6.75E+07,-0.075973187,-0.079767981,Match
Client: ECDHE-RSA-AES128-SHA/100/20/1/4/iterations:100/repeats:1,100,36342.5,15230,ns,Client: ECDHE-RSA-AES128-SHA/100/20/1/4/iterations:100/repeats:1,100,39289.1,17231.5,-0.081078627,-0.131418253,Match
Client: ECDHE-RSA-AES128-SHA/10000/20/1/4/iterations:100/repeats:1,100,123388,61790.9,ns,Client: ECDHE-RSA-AES128-SHA/10000/20/1/4/iterations:100/repeats:1,100,121242,56529.9,0.017392291,0.085141987,Match
Client: ECDHE-RSA-AES128-SHA/1000000/20/1/4/iterations:100/repeats:1,100,8.22E+06,4.62E+06,ns,Client: ECDHE-RSA-AES128-SHA/1000000/20/1/4/iterations:100/repeats:1,100,7.69E+06,3.89E+06,0.065476712,0.15814021,Match
Client: ECDHE-RSA-AES256-SHA/100/21/1/4/iterations:100/repeats:1,100,36891.3,15367.8,ns,Client: ECDHE-RSA-AES256-SHA/100/21/1/4/iterations:100/repeats:1,100,39989.2,17688.7,-0.083973728,-0.151023569,Match
Client: ECDHE-RSA-AES256-SHA/10000/21/1/4/iterations:100/repeats:1,100,130794,67561.4,ns,Client: ECDHE-RSA-AES256-SHA/10000/21/1/4/iterations:100/repeats:1,100,124540,58636.1,0.047815649,0.132106499,Match
Client: ECDHE-RSA-AES256-SHA/1000000/21/1/4/iterations:100/repeats:1,100,8.92E+06,5.18E+06,ns,Client: ECDHE-RSA-AES256-SHA/1000000/21/1/4/iterations:100/repeats:1,100,8.07E+06,4.10E+06,0.095002976,0.20888209,Match
Client: ECDHE-ECDSA-AES128-SHA256/100/22/1/4/iterations:100/repeats:1,100,38188.6,15925.2,ns,Client: ECDHE-ECDSA-AES128-SHA256/100/22/1/4/iterations:100/repeats:1,100,40538.6,17573.6,-0.061536689,-0.103508904,Match
Client: ECDHE-ECDSA-AES128-SHA256/10000/22/1/4/iterations:100/repeats:1,100,184543,92864.4,ns,Client: ECDHE-ECDSA-AES128-SHA256/10000/22/1/4/iterations:100/repeats:1,100,168254,79219.7,0.088266691,0.14693144,Match
Client: ECDHE-ECDSA-AES128-SHA256/1000000/22/1/4/iterations:100/repeats:1,100,1.42E+07,7.59E+06,ns,Client: ECDHE-ECDSA-AES128-SHA256/1000000/22/1/4/iterations:100/repeats:1,100,1.24E+07,6.18E+06,0.127483199,0.185547927,Match
Client: ECDHE-ECDSA-AES256-SHA384/100/23/1/4/iterations:100/repeats:1,100,39052.6,16444.6,ns,Client: ECDHE-ECDSA-AES256-SHA384/100/23/1/4/iterations:100/repeats:1,100,39951.2,16685.3,-0.023009992,-0.014637024,Match
Client: ECDHE-ECDSA-AES256-SHA384/10000/23/1/4/iterations:100/repeats:1,100,163028,83404,ns,Client: ECDHE-ECDSA-AES256-SHA384/10000/23/1/4/iterations:100/repeats:1,100,156374,79865.9,0.040815075,0.042421227,Match
Client: ECDHE-ECDSA-AES256-SHA384/1000000/23/1/4/iterations:100/repeats:1,100,1.20E+07,6.69E+06,ns,Client: ECDHE-ECDSA-AES256-SHA384/1000000/23/1/4/iterations:100/repeats:1,100,1.13E+07,6.34E+06,0.056326026,0.052537765,Match
Client: ECDHE-RSA-AES128-SHA256/100/24/1/4/iterations:100/repeats:1,100,38644.7,16256.4,ns,Client: ECDHE-RSA-AES128-SHA256/100/24/1/4/iterations:100/repeats:1,100,41783.1,18287.2,-0.081211654,-0.124923107,Match
Client: ECDHE-RSA-AES128-SHA256/10000/24/1/4/iterations:100/repeats:1,100,185540,92854.4,ns,Client: ECDHE-RSA-AES128-SHA256/10000/24/1/4/iterations:100/repeats:1,100,170787,80095.2,0.079513851,0.137410828,Match
Client: ECDHE-RSA-AES128-SHA256/1000000/24/1/4/iterations:100/repeats:1,100,1.42E+07,7.58E+06,ns,Client: ECDHE-RSA-AES128-SHA256/1000000/24/1/4/iterations:100/repeats:1,100,1.24E+07,6.18E+06,0.124022969,0.184542824,Match
Client: ECDHE-RSA-AES256-SHA384/100/25/1/4/iterations:100/repeats:1,100,39915.6,16699.9,ns,Client: ECDHE-RSA-AES256-SHA384/100/25/1/4/iterations:100/repeats:1,100,40895.1,17517.9,-0.024539278,-0.048982329,Match
Client: ECDHE-RSA-AES256-SHA384/10000/25/1/4/iterations:100/repeats:1,100,164173,83976.8,ns,Client: ECDHE-RSA-AES256-SHA384/10000/25/1/4/iterations:100/repeats:1,100,156377,80007.6,0.047486493,0.047265435,Match
Client: ECDHE-RSA-AES256-SHA384/1000000/25/1/4/iterations:100/repeats:1,100,1.20E+07,6.69E+06,ns,Client: ECDHE-RSA-AES256-SHA384/1000000/25/1/4/iterations:100/repeats:1,100,1.13E+07,6.33E+06,0.06172613,0.054486629,Match
Client: ECDHE-ECDSA-AES128-GCM-SHA256/100/26/1/4/iterations:100/repeats:1,100,31879.6,12140.3,ns,Client: ECDHE-ECDSA-AES128-GCM-SHA256/100/26/1/4/iterations:100/repeats:1,100,32250.4,12388.2,-0.011631263,-0.020419594,Match
Client: ECDHE-ECDSA-AES128-GCM-SHA256/10000/26/1/4/iterations:100/repeats:1,100,66479.5,26432.6,ns,Client: ECDHE-ECDSA-AES128-GCM-SHA256/10000/26/1/4/iterations:100/repeats:1,100,66839.5,26579.4,-0.005415203,-0.005553748,Match
Client: ECDHE-ECDSA-AES128-GCM-SHA256/1000000/26/1/4/iterations:100/repeats:1,100,2.68E+06,1.24E+06,ns,Client: ECDHE-ECDSA-AES128-GCM-SHA256/1000000/26/1/4/iterations:100/repeats:1,100,2.74E+06,1.27E+06,-0.020562718,-0.02417233,Match
Client: ECDHE-ECDSA-AES256-GCM-SHA384/100/27/1/4/iterations:100/repeats:1,100,31755.4,12027.8,ns,Client: ECDHE-ECDSA-AES256-GCM-SHA384/100/27/1/4/iterations:100/repeats:1,100,32254.2,12421.2,-0.015707565,-0.032707561,Match
Client: ECDHE-ECDSA-AES256-GCM-SHA384/10000/27/1/4/iterations:100/repeats:1,100,67417.6,27173.9,ns,Client: ECDHE-ECDSA-AES256-GCM-SHA384/10000/27/1/4/iterations:100/repeats:1,100,68515.3,28089.1,-0.016282098,-0.033679376,Match
Client: ECDHE-ECDSA-AES256-GCM-SHA384/1000000/27/1/4/iterations:100/repeats:1,100,2.95E+06,1.38E+06,ns,Client: ECDHE-ECDSA-AES256-GCM-SHA384/1000000/27/1/4/iterations:100/repeats:1,100,3.01E+06,1.40E+06,-0.020167663,-0.019712063,Match
Client: ECDHE-RSA-AES128-GCM-SHA256/100/28/1/4/iterations:100/repeats:1,100,32427,12311.2,ns,Client: ECDHE-RSA-AES128-GCM-SHA256/100/28/1/4/iterations:100/repeats:1,100,32266.7,12434.8,0.004943411,-0.010039639,Match
Client: ECDHE-RSA-AES128-GCM-SHA256/10000/28/1/4/iterations:100/repeats:1,100,64998.7,25901.4,ns,Client: ECDHE-RSA-AES128-GCM-SHA256/10000/28/1/4/iterations:100/repeats:1,100,65455,26555,-0.00702014,-0.025234157,Match
Client: ECDHE-RSA-AES128-GCM-SHA256/1000000/28/1/4/iterations:100/repeats:1,100,2.68E+06,1.24E+06,ns,Client: ECDHE-RSA-AES128-GCM-SHA256/1000000/28/1/4/iterations:100/repeats:1,100,2.74E+06,1.27E+06,-0.025043713,-0.025998804,Match
Client: ECDHE-RSA-AES256-GCM-SHA384/100/29/1/4/iterations:100/repeats:1,100,31767.3,12034,ns,Client: ECDHE-RSA-AES256-GCM-SHA384/100/29/1/4/iterations:100/repeats:1,100,32509.9,12571,-0.023376239,-0.044623567,Match
Client: ECDHE-RSA-AES256-GCM-SHA384/10000/29/1/4/iterations:100/repeats:1,100,67187,27165.1,ns,Client: ECDHE-RSA-AES256-GCM-SHA384/10000/29/1/4/iterations:100/repeats:1,100,68293.2,27757.3,-0.016464495,-0.02180003,Match
Client: ECDHE-RSA-AES256-GCM-SHA384/1000000/29/1/4/iterations:100/repeats:1,100,2.96E+06,1.38E+06,ns,Client: ECDHE-RSA-AES256-GCM-SHA384/1000000/29/1/4/iterations:100/repeats:1,100,3.05E+06,1.40E+06,-0.029925608,-0.021262671,Match
Client: ECDHE-RSA-CHACHA20-POLY1305/100/30/1/4/iterations:100/repeats:1,100,32021.4,12167.6,ns,Client: ECDHE-RSA-CHACHA20-POLY1305/100/30/1/4/iterations:100/repeats:1,100,33183.6,12652.2,-0.036294478,-0.039827082,Match
Client: ECDHE-RSA-CHACHA20-POLY1305/10000/30/1/4/iterations:100/repeats:1,100,78373.8,33001.8,ns,Client: ECDHE-RSA-CHACHA20-POLY1305/10000/30/1/4/iterations:100/repeats:1,100,87765.7,36287.1,-0.11983469,-0.099549116,Match
Client: ECDHE-RSA-CHACHA20-POLY1305/1000000/30/1/4/iterations:100/repeats:1,100,3.88E+06,1.84E+06,ns,Client: ECDHE-RSA-CHACHA20-POLY1305/1000000/30/1/4/iterations:100/repeats:1,100,4.25E+06,1.99E+06,-0.093924161,-0.080695345,Match
Client: ECDHE-ECDSA-CHACHA20-POLY1305/100/31/1/4/iterations:100/repeats:1,100,32193.9,12091.1,ns,Client: ECDHE-ECDSA-CHACHA20-POLY1305/100/31/1/4/iterations:100/repeats:1,100,33211.8,12681.7,-0.031617791,-0.048845845,Match
Client: ECDHE-ECDSA-CHACHA20-POLY1305/10000/31/1/4/iterations:100/repeats:1,100,76442.1,32202.1,ns,Client: ECDHE-ECDSA-CHACHA20-POLY1305/10000/31/1/4/iterations:100/repeats:1,100,86196.2,35512.4,-0.127601152,-0.102797644,Match
Client: ECDHE-ECDSA-CHACHA20-POLY1305/1000000/31/1/4/iterations:100/repeats:1,100,3.85E+06,1.84E+06,ns,Client: ECDHE-ECDSA-CHACHA20-POLY1305/1000000/31/1/4/iterations:100/repeats:1,100,4.23E+06,1.99E+06,-0.097320158,-0.083883938,Match
Client: DHE-RSA-CHACHA20-POLY1305/100/32/1/4/iterations:100/repeats:1,100,31841.1,12420.2,ns,Client: DHE-RSA-CHACHA20-POLY1305/100/32/1/4/iterations:100/repeats:1,100,32780.6,12767.1,-0.02950589,-0.027930307,Match
Client: DHE-RSA-CHACHA20-POLY1305/10000/32/1/4/iterations:100/repeats:1,100,75380.8,31979,ns,Client: DHE-RSA-CHACHA20-POLY1305/10000/32/1/4/iterations:100/repeats:1,100,85873.4,35878.2,-0.139194596,-0.121930017,Match
Client: DHE-RSA-CHACHA20-POLY1305/1000000/32/1/4/iterations:100/repeats:1,100,3.86E+06,1.84E+06,ns,Client: DHE-RSA-CHACHA20-POLY1305/1000000/32/1/4/iterations:100/repeats:1,100,4.20E+06,1.99E+06,-0.08728748,-0.080730043,Match
Client: ECDHE-BIKE-RSA-AES256-GCM-SHA384/100/33/1/4/iterations:100/repeats:1,100,32108.3,12191.5,ns,Client: ECDHE-BIKE-RSA-AES256-GCM-SHA384/100/33/1/4/iterations:100/repeats:1,100,32688.8,12613,-0.018079437,-0.034573268,Match
Client: ECDHE-BIKE-RSA-AES256-GCM-SHA384/10000/33/1/4/iterations:100/repeats:1,100,19821.9,19847.7,ns,Client: ECDHE-BIKE-RSA-AES256-GCM-SHA384/10000/33/1/4/iterations:100/repeats:1,100,19596,19601.4,0.011396486,0.012409498,Match
Client: ECDHE-BIKE-RSA-AES256-GCM-SHA384/1000000/33/1/4/iterations:100/repeats:1,100,2.91E+06,1.37E+06,ns,Client: ECDHE-BIKE-RSA-AES256-GCM-SHA384/1000000/33/1/4/iterations:100/repeats:1,100,3.02E+06,1.40E+06,-0.036817747,-0.020968908,Match
Client: ECDHE-SIKE-RSA-AES256-GCM-SHA384/100/34/1/4/iterations:100/repeats:1,100,32641.7,12307.3,ns,Client: ECDHE-SIKE-RSA-AES256-GCM-SHA384/100/34/1/4/iterations:100/repeats:1,100,32824.9,12626.7,-0.005612453,-0.025952077,Match
Client: ECDHE-SIKE-RSA-AES256-GCM-SHA384/10000/34/1/4/iterations:100/repeats:1,100,68887,27872.8,ns,Client: ECDHE-SIKE-RSA-AES256-GCM-SHA384/10000/34/1/4/iterations:100/repeats:1,100,69687.2,27982.8,-0.011616125,-0.0039465,Match
Client: ECDHE-SIKE-RSA-AES256-GCM-SHA384/1000000/34/1/4/iterations:100/repeats:1,100,2.96E+06,1.38E+06,ns,Client: ECDHE-SIKE-RSA-AES256-GCM-SHA384/1000000/34/1/4/iterations:100/repeats:1,100,3.01E+06,1.40E+06,-0.017801947,-0.013060337,Match
Client: ECDHE-KYBER-RSA-AES256-GCM-SHA384/100/35/1/4/iterations:100/repeats:1,100,32266,12184.6,ns,Client: ECDHE-KYBER-RSA-AES256-GCM-SHA384/100/35/1/4/iterations:100/repeats:1,100,32151.5,12282,0.003548627,-0.007993697,Match
Client: ECDHE-KYBER-RSA-AES256-GCM-SHA384/10000/35/1/4/iterations:100/repeats:1,100,68783.9,27912,ns,Client: ECDHE-KYBER-RSA-AES256-GCM-SHA384/10000/35/1/4/iterations:100/repeats:1,100,67844.8,27193.9,0.013652904,0.025727286,Match
Client: ECDHE-KYBER-RSA-AES256-GCM-SHA384/1000000/35/1/4/iterations:100/repeats:1,100,2.95E+06,1.37E+06,ns,Client: ECDHE-KYBER-RSA-AES256-GCM-SHA384/1000000/35/1/4/iterations:100/repeats:1,100,3.01E+06,1.39E+06,-0.018937583,-0.014441538,Match